
/*!40101 SET @OLD_CHARACTER_SET_CLIENT=@@CHARACTER_SET_CLIENT */;
/*!40101 SET @OLD_CHARACTER_SET_RESULTS=@@CHARACTER_SET_RESULTS */;
/*!40101 SET @OLD_COLLATION_CONNECTION=@@COLLATION_CONNECTION */;
/*!40101 SET NAMES binary */;
/*!40103 SET @OLD_TIME_ZONE=@@TIME_ZONE */;
/*!40103 SET TIME_ZONE='+00:00' */;
/*!40014 SET @OLD_UNIQUE_CHECKS=@@UNIQUE_CHECKS, UNIQUE_CHECKS=0 */;
/*!40014 SET @OLD_FOREIGN_KEY_CHECKS=@@FOREIGN_KEY_CHECKS, FOREIGN_KEY_CHECKS=0 */;
/*!40101 SET @OLD_SQL_MODE=@@SQL_MODE, SQL_MODE='NO_AUTO_VALUE_ON_ZERO' */;
/*!40111 SET @OLD_SQL_NOTES=@@SQL_NOTES, SQL_NOTES=0 */;
DROP TABLE IF EXISTS `categories`;
/*!40101 SET @saved_cs_client     = @@character_set_client */;
/*!40101 SET character_set_client = utf8 */;
CREATE TABLE `categories` (
  `id` bigint(20) unsigned NOT NULL AUTO_INCREMENT,
  `name` varchar(191) COLLATE utf8mb4_unicode_ci NOT NULL,
  `description` varchar(255) COLLATE utf8mb4_unicode_ci NOT NULL,
  `created_at` timestamp NULL DEFAULT NULL,
  `updated_at` timestamp NULL DEFAULT NULL,
  PRIMARY KEY (`id`)
) ENGINE=InnoDB AUTO_INCREMENT=25 DEFAULT CHARSET=utf8mb4 COLLATE=utf8mb4_unicode_ci;
/*!40101 SET character_set_client = @saved_cs_client */;

LOCK TABLES `categories` WRITE;
/*!40000 ALTER TABLE `categories` DISABLE KEYS */;
INSERT INTO `categories` VALUES (1,'Продукты','Еда с рынка или магазина',NULL,NULL),(2,'Вода','Заказ воды ',NULL,NULL),(3,'Проезд','Автобус, такси',NULL,NULL),(4,'Товары для дома','Бытовая химия и прочий домовид',NULL,NULL),(5,'Аптека','Лекарства',NULL,NULL),(7,'Врачи','Посещение врачей',NULL,NULL),(8,'Одежда','Покупки',NULL,NULL),(9,'Обувь','Покупки',NULL,NULL),(10,'Мобильный','Оплата связи',NULL,NULL),(11,'Квартплата','Коммунальные расходы',NULL,NULL),(12,'Подарки','Подарки',NULL,NULL),(13,'Развлечения','Отдых',NULL,NULL),(14,'Собака','Собачья еда и прочие радости',NULL,NULL),(15,'Прочее','Другие расходы',NULL,NULL),(16,'Мать и Дитя','Мать и Дитя',NULL,NULL);
/*!40000 ALTER TABLE `categories` ENABLE KEYS */;
UNLOCK TABLES;
DROP TABLE IF EXISTS `costs`;
/*!40101 SET @saved_cs_client     = @@character_set_client */;
/*!40101 SET character_set_client = utf8 */;
CREATE TABLE `costs` (
  `id` bigint(20) unsigned NOT NULL AUTO_INCREMENT,
  `user_id` int(11) NOT NULL,
  `wallet_id` int(11) NOT NULL,
  `category_id` int(11) NOT NULL,
  `value` double NOT NULL,
  `comment` varchar(191) COLLATE utf8mb4_unicode_ci DEFAULT NULL,
  `created_at` timestamp NULL DEFAULT NULL,
  `updated_at` timestamp NULL DEFAULT NULL,
  PRIMARY KEY (`id`)
) ENGINE=InnoDB AUTO_INCREMENT=74 DEFAULT CHARSET=utf8mb4 COLLATE=utf8mb4_unicode_ci;
/*!40101 SET character_set_client = @saved_cs_client */;

LOCK TABLES `costs` WRITE;
/*!40000 ALTER TABLE `costs` DISABLE KEYS */;
INSERT INTO `costs` VALUES (14,1,1,8,1000,NULL,'2021-12-01 14:10:22','2021-12-19 14:10:22'),(16,1,2,3,666,NULL,'2021-11-20 06:53:03','2021-11-20 06:53:03'),(18,1,2,14,200,NULL,'2021-12-20 07:00:53','2021-12-20 07:00:53'),(19,1,2,2,50,NULL,'2021-12-20 07:11:20','2021-12-20 07:11:20'),(21,1,1,1,32,NULL,'2021-12-22 13:34:27','2021-12-22 13:34:27'),(24,1,1,5,100,NULL,'2021-12-23 07:31:32','2021-12-23 07:31:32'),(27,1,1,8,3500,'спортмастер','2021-12-23 21:33:42','2021-12-23 21:33:42'),(28,1,1,1,1500,'реми','2021-11-28 09:47:04','2021-11-28 09:47:04'),(29,1,1,1,2400,'тестовый закуп','2021-12-29 08:50:26','2021-12-29 08:50:26'),(30,2,1,8,2000,'тест авторизации','2021-12-30 04:31:57','2021-12-30 04:31:57'),(31,2,2,3,100,NULL,'2021-12-30 04:44:20','2021-12-30 04:44:20'),(32,1,1,11,600,'капремонт','2021-12-30 09:16:28','2021-12-30 09:16:28'),(33,1,1,3,32,NULL,'2021-12-31 05:39:00','2021-12-31 05:39:00'),(35,3,1,1,11,'333пав\" OR 1=1','2021-12-31 18:56:38','2021-12-31 18:56:38'),(36,3,1,1,33,NULL,'2021-12-31 18:59:16','2021-12-31 18:59:16'),(37,1,1,1,63,NULL,'2022-01-02 10:53:30','2022-01-02 10:53:30'),(38,1,1,5,396,NULL,'2022-01-02 10:55:29','2022-01-02 10:55:29'),(39,1,1,4,217,NULL,'2022-01-04 06:48:39','2022-01-04 06:48:39'),(40,1,1,1,20,NULL,'2022-01-05 21:02:49','2022-01-05 21:02:49'),(41,1,1,14,1384,NULL,'2022-01-07 01:04:13','2022-01-07 01:04:13'),(42,1,1,14,134,NULL,'2022-01-07 01:06:00','2022-01-07 01:06:00'),(43,1,1,1,20,NULL,'2022-01-08 22:18:01','2022-01-08 22:18:01'),(44,1,1,10,400,NULL,'2022-01-13 05:47:49','2022-01-13 05:47:49'),(45,1,1,7,2000,NULL,'2022-01-13 05:48:24','2022-01-13 05:48:24'),(46,1,1,1,345,NULL,'2022-01-13 05:49:43','2022-01-13 05:49:43'),(47,1,1,1,639,NULL,'2022-01-13 05:50:09','2022-01-13 05:50:09'),(48,1,1,1,1074,NULL,'2022-01-13 05:50:28','2022-01-13 05:50:28'),(49,1,1,1,240,NULL,'2022-01-13 05:50:48','2022-01-13 05:50:48'),(50,1,1,1,623,NULL,'2022-01-13 05:51:04','2022-01-13 05:51:04'),(51,1,2,1,825,NULL,'2022-01-13 05:58:00','2022-01-13 05:58:00'),(52,1,1,16,2670,NULL,'2022-01-13 22:27:19','2022-01-13 22:27:19'),(53,1,1,1,331,NULL,'2022-01-14 02:50:02','2022-01-14 02:50:02'),(54,1,2,1,490,NULL,'2022-01-14 02:50:28','2022-01-14 02:50:28'),(55,1,1,5,315,NULL,'2022-01-14 07:08:48','2022-01-14 07:08:48'),(56,1,1,7,2000,NULL,'2022-01-19 04:17:34','2022-01-19 04:17:34'),(57,1,1,1,804,NULL,'2022-01-19 05:30:17','2022-01-19 05:30:17'),(58,1,2,1,800,NULL,'2022-01-19 05:31:14','2022-01-19 05:31:14'),(59,1,2,1,570,NULL,'2022-01-19 05:31:36','2022-01-19 05:31:36'),(60,1,1,16,2090,NULL,'2022-01-19 22:17:33','2022-01-19 22:17:33'),(61,1,1,1,273,NULL,'2022-01-19 22:43:01','2022-01-19 22:43:01'),(62,1,2,1,475,NULL,'2022-01-21 05:31:05','2022-01-21 05:31:05'),(63,1,1,7,1500,NULL,'2022-01-21 05:31:22','2022-01-21 05:31:22'),(64,1,1,1,343,NULL,'2022-01-21 05:31:35','2022-01-21 05:31:35'),(65,1,1,1,158,NULL,'2022-01-21 05:31:47','2022-01-21 05:31:47'),(66,1,1,7,2500,NULL,'2022-01-22 10:25:07','2022-01-22 10:25:07'),(67,1,1,1,337,NULL,'2022-01-23 22:40:15','2022-01-23 22:40:15'),(68,1,1,1,20,NULL,'2022-01-23 22:40:22','2022-01-23 22:40:22'),(69,1,1,1,143,NULL,'2022-01-24 22:57:34','2022-01-24 22:57:34'),(70,1,1,1,667,NULL,'2022-01-25 05:24:41','2022-01-25 05:24:41'),(71,1,1,1,357,NULL,'2022-01-25 05:24:56','2022-01-25 05:24:56'),(72,1,1,15,3400,NULL,'2022-01-26 05:28:47','2022-01-26 05:28:47'),(73,1,1,16,3620,NULL,'2022-01-27 09:59:35','2022-01-27 09:59:35');
/*!40000 ALTER TABLE `costs` ENABLE KEYS */;
UNLOCK TABLES;
DROP TABLE IF EXISTS `failed_jobs`;
/*!40101 SET @saved_cs_client     = @@character_set_client */;
/*!40101 SET character_set_client = utf8 */;
CREATE TABLE `failed_jobs` (
  `id` bigint(20) unsigned NOT NULL AUTO_INCREMENT,
  `uuid` varchar(191) COLLATE utf8mb4_unicode_ci NOT NULL,
  `connection` text COLLATE utf8mb4_unicode_ci NOT NULL,
  `queue` text COLLATE utf8mb4_unicode_ci NOT NULL,
  `payload` longtext COLLATE utf8mb4_unicode_ci NOT NULL,
  `exception` longtext COLLATE utf8mb4_unicode_ci NOT NULL,
  `failed_at` timestamp NOT NULL DEFAULT CURRENT_TIMESTAMP,
  PRIMARY KEY (`id`),
  UNIQUE KEY `failed_jobs_uuid_unique` (`uuid`)
) ENGINE=InnoDB DEFAULT CHARSET=utf8mb4 COLLATE=utf8mb4_unicode_ci;
/*!40101 SET character_set_client = @saved_cs_client */;

LOCK TABLES `failed_jobs` WRITE;
/*!40000 ALTER TABLE `failed_jobs` DISABLE KEYS */;
/*!40000 ALTER TABLE `failed_jobs` ENABLE KEYS */;
UNLOCK TABLES;
DROP TABLE IF EXISTS `migrations`;
/*!40101 SET @saved_cs_client     = @@character_set_client */;
/*!40101 SET character_set_client = utf8 */;
CREATE TABLE `migrations` (
  `id` int(10) unsigned NOT NULL AUTO_INCREMENT,
  `migration` varchar(191) COLLATE utf8mb4_unicode_ci NOT NULL,
  `batch` int(11) NOT NULL,
  PRIMARY KEY (`id`)
) ENGINE=InnoDB AUTO_INCREMENT=8 DEFAULT CHARSET=utf8mb4 COLLATE=utf8mb4_unicode_ci;
/*!40101 SET character_set_client = @saved_cs_client */;

LOCK TABLES `migrations` WRITE;
/*!40000 ALTER TABLE `migrations` DISABLE KEYS */;
INSERT INTO `migrations` VALUES (1,'2014_10_12_000000_create_users_table',1),(2,'2014_10_12_100000_create_password_resets_table',1),(3,'2019_08_19_000000_create_failed_jobs_table',1),(4,'2019_12_14_000001_create_personal_access_tokens_table',1),(5,'2021_10_30_025241_create_costs_table',2),(6,'2021_10_30_025304_create_categories_table',2),(7,'2021_10_30_025339_create_wallets_table',2);
/*!40000 ALTER TABLE `migrations` ENABLE KEYS */;
UNLOCK TABLES;
DROP TABLE IF EXISTS `password_resets`;
/*!40101 SET @saved_cs_client     = @@character_set_client */;
/*!40101 SET character_set_client = utf8 */;
CREATE TABLE `password_resets` (
  `email` varchar(191) COLLATE utf8mb4_unicode_ci NOT NULL,
  `token` varchar(255) COLLATE utf8mb4_unicode_ci NOT NULL,
  `created_at` timestamp NULL DEFAULT NULL,
  KEY `password_resets_email_index` (`email`)
) ENGINE=InnoDB DEFAULT CHARSET=utf8mb4 COLLATE=utf8mb4_unicode_ci;
/*!40101 SET character_set_client = @saved_cs_client */;

LOCK TABLES `password_resets` WRITE;
/*!40000 ALTER TABLE `password_resets` DISABLE KEYS */;
INSERT INTO `password_resets` VALUES ('shushiks@gmail.com','$2y$10$rmXbhN0f9e2A83/w0HWixebLFF8po/3mJjI0FO9uUn2YxZ24.vbs.','2021-12-30 08:37:57');
/*!40000 ALTER TABLE `password_resets` ENABLE KEYS */;
UNLOCK TABLES;
DROP TABLE IF EXISTS `personal_access_tokens`;
/*!40101 SET @saved_cs_client     = @@character_set_client */;
/*!40101 SET character_set_client = utf8 */;
CREATE TABLE `personal_access_tokens` (
  `id` bigint(20) unsigned NOT NULL AUTO_INCREMENT,
  `tokenable_type` varchar(191) COLLATE utf8mb4_unicode_ci NOT NULL,
  `tokenable_id` bigint(20) unsigned NOT NULL,
  `name` varchar(191) COLLATE utf8mb4_unicode_ci NOT NULL,
  `token` varchar(64) COLLATE utf8mb4_unicode_ci NOT NULL,
  `abilities` text COLLATE utf8mb4_unicode_ci,
  `last_used_at` timestamp NULL DEFAULT NULL,
  `created_at` timestamp NULL DEFAULT NULL,
  `updated_at` timestamp NULL DEFAULT NULL,
  PRIMARY KEY (`id`),
  UNIQUE KEY `personal_access_tokens_token_unique` (`token`),
  KEY `personal_access_tokens_tokenable_type_tokenable_id_index` (`tokenable_type`,`tokenable_id`)
) ENGINE=InnoDB DEFAULT CHARSET=utf8mb4 COLLATE=utf8mb4_unicode_ci;
/*!40101 SET character_set_client = @saved_cs_client */;

LOCK TABLES `personal_access_tokens` WRITE;
/*!40000 ALTER TABLE `personal_access_tokens` DISABLE KEYS */;
/*!40000 ALTER TABLE `personal_access_tokens` ENABLE KEYS */;
UNLOCK TABLES;
DROP TABLE IF EXISTS `pma__bookmark`;
/*!40101 SET @saved_cs_client     = @@character_set_client */;
/*!40101 SET character_set_client = utf8 */;
CREATE TABLE `pma__bookmark` (
  `id` int(10) unsigned NOT NULL AUTO_INCREMENT,
  `dbase` varchar(255) COLLATE utf8_bin NOT NULL DEFAULT '',
  `user` varchar(255) COLLATE utf8_bin NOT NULL DEFAULT '',
  `label` varchar(255) CHARACTER SET utf8 NOT NULL DEFAULT '',
  `query` text COLLATE utf8_bin NOT NULL,
  PRIMARY KEY (`id`)
) ENGINE=InnoDB DEFAULT CHARSET=utf8 COLLATE=utf8_bin COMMENT='Bookmarks';
/*!40101 SET character_set_client = @saved_cs_client */;

LOCK TABLES `pma__bookmark` WRITE;
/*!40000 ALTER TABLE `pma__bookmark` DISABLE KEYS */;
/*!40000 ALTER TABLE `pma__bookmark` ENABLE KEYS */;
UNLOCK TABLES;
DROP TABLE IF EXISTS `pma__central_columns`;
/*!40101 SET @saved_cs_client     = @@character_set_client */;
/*!40101 SET character_set_client = utf8 */;
CREATE TABLE `pma__central_columns` (
  `db_name` varchar(64) COLLATE utf8_bin NOT NULL,
  `col_name` varchar(64) COLLATE utf8_bin NOT NULL,
  `col_type` varchar(64) COLLATE utf8_bin NOT NULL,
  `col_length` text COLLATE utf8_bin,
  `col_collation` varchar(64) COLLATE utf8_bin NOT NULL,
  `col_isNull` tinyint(1) NOT NULL,
  `col_extra` varchar(255) COLLATE utf8_bin DEFAULT '',
  `col_default` text COLLATE utf8_bin,
  PRIMARY KEY (`db_name`,`col_name`)
) ENGINE=InnoDB DEFAULT CHARSET=utf8 COLLATE=utf8_bin COMMENT='Central list of columns';
/*!40101 SET character_set_client = @saved_cs_client */;

LOCK TABLES `pma__central_columns` WRITE;
/*!40000 ALTER TABLE `pma__central_columns` DISABLE KEYS */;
/*!40000 ALTER TABLE `pma__central_columns` ENABLE KEYS */;
UNLOCK TABLES;
DROP TABLE IF EXISTS `pma__column_info`;
/*!40101 SET @saved_cs_client     = @@character_set_client */;
/*!40101 SET character_set_client = utf8 */;
CREATE TABLE `pma__column_info` (
  `id` int(5) unsigned NOT NULL AUTO_INCREMENT,
  `db_name` varchar(64) COLLATE utf8_bin NOT NULL DEFAULT '',
  `table_name` varchar(64) COLLATE utf8_bin NOT NULL DEFAULT '',
  `column_name` varchar(64) COLLATE utf8_bin NOT NULL DEFAULT '',
  `comment` varchar(255) CHARACTER SET utf8 NOT NULL DEFAULT '',
  `mimetype` varchar(255) CHARACTER SET utf8 NOT NULL DEFAULT '',
  `transformation` varchar(255) COLLATE utf8_bin NOT NULL DEFAULT '',
  `transformation_options` varchar(255) COLLATE utf8_bin NOT NULL DEFAULT '',
  `input_transformation` varchar(255) COLLATE utf8_bin NOT NULL DEFAULT '',
  `input_transformation_options` varchar(255) COLLATE utf8_bin NOT NULL DEFAULT '',
  PRIMARY KEY (`id`),
  UNIQUE KEY `db_name` (`db_name`,`table_name`,`column_name`)
) ENGINE=InnoDB DEFAULT CHARSET=utf8 COLLATE=utf8_bin COMMENT='Column information for phpMyAdmin';
/*!40101 SET character_set_client = @saved_cs_client */;

LOCK TABLES `pma__column_info` WRITE;
/*!40000 ALTER TABLE `pma__column_info` DISABLE KEYS */;
/*!40000 ALTER TABLE `pma__column_info` ENABLE KEYS */;
UNLOCK TABLES;
DROP TABLE IF EXISTS `pma__designer_settings`;
/*!40101 SET @saved_cs_client     = @@character_set_client */;
/*!40101 SET character_set_client = utf8 */;
CREATE TABLE `pma__designer_settings` (
  `username` varchar(64) COLLATE utf8_bin NOT NULL,
  `settings_data` text COLLATE utf8_bin NOT NULL,
  PRIMARY KEY (`username`)
) ENGINE=InnoDB DEFAULT CHARSET=utf8 COLLATE=utf8_bin COMMENT='Settings related to Designer';
/*!40101 SET character_set_client = @saved_cs_client */;

LOCK TABLES `pma__designer_settings` WRITE;
/*!40000 ALTER TABLE `pma__designer_settings` DISABLE KEYS */;
/*!40000 ALTER TABLE `pma__designer_settings` ENABLE KEYS */;
UNLOCK TABLES;
DROP TABLE IF EXISTS `pma__export_templates`;
/*!40101 SET @saved_cs_client     = @@character_set_client */;
/*!40101 SET character_set_client = utf8 */;
CREATE TABLE `pma__export_templates` (
  `id` int(5) unsigned NOT NULL AUTO_INCREMENT,
  `username` varchar(64) COLLATE utf8_bin NOT NULL,
  `export_type` varchar(10) COLLATE utf8_bin NOT NULL,
  `template_name` varchar(64) COLLATE utf8_bin NOT NULL,
  `template_data` text COLLATE utf8_bin NOT NULL,
  PRIMARY KEY (`id`),
  UNIQUE KEY `u_user_type_template` (`username`,`export_type`,`template_name`)
) ENGINE=InnoDB DEFAULT CHARSET=utf8 COLLATE=utf8_bin COMMENT='Saved export templates';
/*!40101 SET character_set_client = @saved_cs_client */;

LOCK TABLES `pma__export_templates` WRITE;
/*!40000 ALTER TABLE `pma__export_templates` DISABLE KEYS */;
/*!40000 ALTER TABLE `pma__export_templates` ENABLE KEYS */;
UNLOCK TABLES;
DROP TABLE IF EXISTS `pma__favorite`;
/*!40101 SET @saved_cs_client     = @@character_set_client */;
/*!40101 SET character_set_client = utf8 */;
CREATE TABLE `pma__favorite` (
  `username` varchar(64) COLLATE utf8_bin NOT NULL,
  `tables` text COLLATE utf8_bin NOT NULL,
  PRIMARY KEY (`username`)
) ENGINE=InnoDB DEFAULT CHARSET=utf8 COLLATE=utf8_bin COMMENT='Favorite tables';
/*!40101 SET character_set_client = @saved_cs_client */;

LOCK TABLES `pma__favorite` WRITE;
/*!40000 ALTER TABLE `pma__favorite` DISABLE KEYS */;
/*!40000 ALTER TABLE `pma__favorite` ENABLE KEYS */;
UNLOCK TABLES;
DROP TABLE IF EXISTS `pma__history`;
/*!40101 SET @saved_cs_client     = @@character_set_client */;
/*!40101 SET character_set_client = utf8 */;
CREATE TABLE `pma__history` (
  `id` bigint(20) unsigned NOT NULL AUTO_INCREMENT,
  `username` varchar(64) COLLATE utf8_bin NOT NULL DEFAULT '',
  `db` varchar(64) COLLATE utf8_bin NOT NULL DEFAULT '',
  `table` varchar(64) COLLATE utf8_bin NOT NULL DEFAULT '',
  `timevalue` timestamp NOT NULL DEFAULT CURRENT_TIMESTAMP,
  `sqlquery` text COLLATE utf8_bin NOT NULL,
  PRIMARY KEY (`id`),
  KEY `username` (`username`,`db`,`table`,`timevalue`)
) ENGINE=InnoDB DEFAULT CHARSET=utf8 COLLATE=utf8_bin COMMENT='SQL history for phpMyAdmin';
/*!40101 SET character_set_client = @saved_cs_client */;

LOCK TABLES `pma__history` WRITE;
/*!40000 ALTER TABLE `pma__history` DISABLE KEYS */;
/*!40000 ALTER TABLE `pma__history` ENABLE KEYS */;
UNLOCK TABLES;
DROP TABLE IF EXISTS `pma__navigationhiding`;
/*!40101 SET @saved_cs_client     = @@character_set_client */;
/*!40101 SET character_set_client = utf8 */;
CREATE TABLE `pma__navigationhiding` (
  `username` varchar(64) COLLATE utf8_bin NOT NULL,
  `item_name` varchar(64) COLLATE utf8_bin NOT NULL,
  `item_type` varchar(64) COLLATE utf8_bin NOT NULL,
  `db_name` varchar(64) COLLATE utf8_bin NOT NULL,
  `table_name` varchar(64) COLLATE utf8_bin NOT NULL,
  PRIMARY KEY (`username`,`item_name`,`item_type`,`db_name`,`table_name`)
) ENGINE=InnoDB DEFAULT CHARSET=utf8 COLLATE=utf8_bin COMMENT='Hidden items of navigation tree';
/*!40101 SET character_set_client = @saved_cs_client */;

LOCK TABLES `pma__navigationhiding` WRITE;
/*!40000 ALTER TABLE `pma__navigationhiding` DISABLE KEYS */;
/*!40000 ALTER TABLE `pma__navigationhiding` ENABLE KEYS */;
UNLOCK TABLES;
DROP TABLE IF EXISTS `pma__pdf_pages`;
/*!40101 SET @saved_cs_client     = @@character_set_client */;
/*!40101 SET character_set_client = utf8 */;
CREATE TABLE `pma__pdf_pages` (
  `db_name` varchar(64) COLLATE utf8_bin NOT NULL DEFAULT '',
  `page_nr` int(10) unsigned NOT NULL AUTO_INCREMENT,
  `page_descr` varchar(50) CHARACTER SET utf8 NOT NULL DEFAULT '',
  PRIMARY KEY (`page_nr`),
  KEY `db_name` (`db_name`)
) ENGINE=InnoDB DEFAULT CHARSET=utf8 COLLATE=utf8_bin COMMENT='PDF relation pages for phpMyAdmin';
/*!40101 SET character_set_client = @saved_cs_client */;

LOCK TABLES `pma__pdf_pages` WRITE;
/*!40000 ALTER TABLE `pma__pdf_pages` DISABLE KEYS */;
/*!40000 ALTER TABLE `pma__pdf_pages` ENABLE KEYS */;
UNLOCK TABLES;
DROP TABLE IF EXISTS `pma__recent`;
/*!40101 SET @saved_cs_client     = @@character_set_client */;
/*!40101 SET character_set_client = utf8 */;
CREATE TABLE `pma__recent` (
  `username` varchar(64) COLLATE utf8_bin NOT NULL,
  `tables` text COLLATE utf8_bin NOT NULL,
  PRIMARY KEY (`username`)
) ENGINE=InnoDB DEFAULT CHARSET=utf8 COLLATE=utf8_bin COMMENT='Recently accessed tables';
/*!40101 SET character_set_client = @saved_cs_client */;

LOCK TABLES `pma__recent` WRITE;
/*!40000 ALTER TABLE `pma__recent` DISABLE KEYS */;
INSERT INTO `pma__recent` VALUES ('_pma_4224017258','[{\"db\":\"shushiks_sw\",\"table\":\"categories\"},{\"db\":\"shushiks_sw\",\"table\":\"costs\"}]');
/*!40000 ALTER TABLE `pma__recent` ENABLE KEYS */;
UNLOCK TABLES;
DROP TABLE IF EXISTS `pma__relation`;
/*!40101 SET @saved_cs_client     = @@character_set_client */;
/*!40101 SET character_set_client = utf8 */;
CREATE TABLE `pma__relation` (
  `master_db` varchar(64) COLLATE utf8_bin NOT NULL DEFAULT '',
  `master_table` varchar(64) COLLATE utf8_bin NOT NULL DEFAULT '',
  `master_field` varchar(64) COLLATE utf8_bin NOT NULL DEFAULT '',
  `foreign_db` varchar(64) COLLATE utf8_bin NOT NULL DEFAULT '',
  `foreign_table` varchar(64) COLLATE utf8_bin NOT NULL DEFAULT '',
  `foreign_field` varchar(64) COLLATE utf8_bin NOT NULL DEFAULT '',
  PRIMARY KEY (`master_db`,`master_table`,`master_field`),
  KEY `foreign_field` (`foreign_db`,`foreign_table`)
) ENGINE=InnoDB DEFAULT CHARSET=utf8 COLLATE=utf8_bin COMMENT='Relation table';
/*!40101 SET character_set_client = @saved_cs_client */;

LOCK TABLES `pma__relation` WRITE;
/*!40000 ALTER TABLE `pma__relation` DISABLE KEYS */;
/*!40000 ALTER TABLE `pma__relation` ENABLE KEYS */;
UNLOCK TABLES;
DROP TABLE IF EXISTS `pma__savedsearches`;
/*!40101 SET @saved_cs_client     = @@character_set_client */;
/*!40101 SET character_set_client = utf8 */;
CREATE TABLE `pma__savedsearches` (
  `id` int(5) unsigned NOT NULL AUTO_INCREMENT,
  `username` varchar(64) COLLATE utf8_bin NOT NULL DEFAULT '',
  `db_name` varchar(64) COLLATE utf8_bin NOT NULL DEFAULT '',
  `search_name` varchar(64) COLLATE utf8_bin NOT NULL DEFAULT '',
  `search_data` text COLLATE utf8_bin NOT NULL,
  PRIMARY KEY (`id`),
  UNIQUE KEY `u_savedsearches_username_dbname` (`username`,`db_name`,`search_name`)
) ENGINE=InnoDB DEFAULT CHARSET=utf8 COLLATE=utf8_bin COMMENT='Saved searches';
/*!40101 SET character_set_client = @saved_cs_client */;

LOCK TABLES `pma__savedsearches` WRITE;
/*!40000 ALTER TABLE `pma__savedsearches` DISABLE KEYS */;
/*!40000 ALTER TABLE `pma__savedsearches` ENABLE KEYS */;
UNLOCK TABLES;
DROP TABLE IF EXISTS `pma__table_coords`;
/*!40101 SET @saved_cs_client     = @@character_set_client */;
/*!40101 SET character_set_client = utf8 */;
CREATE TABLE `pma__table_coords` (
  `db_name` varchar(64) COLLATE utf8_bin NOT NULL DEFAULT '',
  `table_name` varchar(64) COLLATE utf8_bin NOT NULL DEFAULT '',
  `pdf_page_number` int(11) NOT NULL DEFAULT '0',
  `x` float unsigned NOT NULL DEFAULT '0',
  `y` float unsigned NOT NULL DEFAULT '0',
  PRIMARY KEY (`db_name`,`table_name`,`pdf_page_number`)
) ENGINE=InnoDB DEFAULT CHARSET=utf8 COLLATE=utf8_bin COMMENT='Table coordinates for phpMyAdmin PDF output';
/*!40101 SET character_set_client = @saved_cs_client */;

LOCK TABLES `pma__table_coords` WRITE;
/*!40000 ALTER TABLE `pma__table_coords` DISABLE KEYS */;
/*!40000 ALTER TABLE `pma__table_coords` ENABLE KEYS */;
UNLOCK TABLES;
DROP TABLE IF EXISTS `pma__table_info`;
/*!40101 SET @saved_cs_client     = @@character_set_client */;
/*!40101 SET character_set_client = utf8 */;
CREATE TABLE `pma__table_info` (
  `db_name` varchar(64) COLLATE utf8_bin NOT NULL DEFAULT '',
  `table_name` varchar(64) COLLATE utf8_bin NOT NULL DEFAULT '',
  `display_field` varchar(64) COLLATE utf8_bin NOT NULL DEFAULT '',
  PRIMARY KEY (`db_name`,`table_name`)
) ENGINE=InnoDB DEFAULT CHARSET=utf8 COLLATE=utf8_bin COMMENT='Table information for phpMyAdmin';
/*!40101 SET character_set_client = @saved_cs_client */;

LOCK TABLES `pma__table_info` WRITE;
/*!40000 ALTER TABLE `pma__table_info` DISABLE KEYS */;
/*!40000 ALTER TABLE `pma__table_info` ENABLE KEYS */;
UNLOCK TABLES;
DROP TABLE IF EXISTS `pma__table_uiprefs`;
/*!40101 SET @saved_cs_client     = @@character_set_client */;
/*!40101 SET character_set_client = utf8 */;
CREATE TABLE `pma__table_uiprefs` (
  `username` varchar(64) COLLATE utf8_bin NOT NULL,
  `db_name` varchar(64) COLLATE utf8_bin NOT NULL,
  `table_name` varchar(64) COLLATE utf8_bin NOT NULL,
  `prefs` text COLLATE utf8_bin NOT NULL,
  `last_update` timestamp NOT NULL DEFAULT CURRENT_TIMESTAMP ON UPDATE CURRENT_TIMESTAMP,
  PRIMARY KEY (`username`,`db_name`,`table_name`)
) ENGINE=InnoDB DEFAULT CHARSET=utf8 COLLATE=utf8_bin COMMENT='Tables'' UI preferences';
/*!40101 SET character_set_client = @saved_cs_client */;

LOCK TABLES `pma__table_uiprefs` WRITE;
/*!40000 ALTER TABLE `pma__table_uiprefs` DISABLE KEYS */;
/*!40000 ALTER TABLE `pma__table_uiprefs` ENABLE KEYS */;
UNLOCK TABLES;
DROP TABLE IF EXISTS `pma__tracking`;
/*!40101 SET @saved_cs_client     = @@character_set_client */;
/*!40101 SET character_set_client = utf8 */;
CREATE TABLE `pma__tracking` (
  `db_name` varchar(64) COLLATE utf8_bin NOT NULL,
  `table_name` varchar(64) COLLATE utf8_bin NOT NULL,
  `version` int(10) unsigned NOT NULL,
  `date_created` datetime NOT NULL,
  `date_updated` datetime NOT NULL,
  `schema_snapshot` text COLLATE utf8_bin NOT NULL,
  `schema_sql` text COLLATE utf8_bin,
  `data_sql` longtext COLLATE utf8_bin,
  `tracking` set('UPDATE','REPLACE','INSERT','DELETE','TRUNCATE','CREATE DATABASE','ALTER DATABASE','DROP DATABASE','CREATE TABLE','ALTER TABLE','RENAME TABLE','DROP TABLE','CREATE INDEX','DROP INDEX','CREATE VIEW','ALTER VIEW','DROP VIEW') COLLATE utf8_bin DEFAULT NULL,
  `tracking_active` int(1) unsigned NOT NULL DEFAULT '1',
  PRIMARY KEY (`db_name`,`table_name`,`version`)
) ENGINE=InnoDB DEFAULT CHARSET=utf8 COLLATE=utf8_bin COMMENT='Database changes tracking for phpMyAdmin';
/*!40101 SET character_set_client = @saved_cs_client */;

LOCK TABLES `pma__tracking` WRITE;
/*!40000 ALTER TABLE `pma__tracking` DISABLE KEYS */;
/*!40000 ALTER TABLE `pma__tracking` ENABLE KEYS */;
UNLOCK TABLES;
DROP TABLE IF EXISTS `pma__userconfig`;
/*!40101 SET @saved_cs_client     = @@character_set_client */;
/*!40101 SET character_set_client = utf8 */;
CREATE TABLE `pma__userconfig` (
  `username` varchar(64) COLLATE utf8_bin NOT NULL,
  `timevalue` timestamp NOT NULL DEFAULT CURRENT_TIMESTAMP ON UPDATE CURRENT_TIMESTAMP,
  `config_data` text COLLATE utf8_bin NOT NULL,
  PRIMARY KEY (`username`)
) ENGINE=InnoDB DEFAULT CHARSET=utf8 COLLATE=utf8_bin COMMENT='User preferences storage for phpMyAdmin';
/*!40101 SET character_set_client = @saved_cs_client */;

LOCK TABLES `pma__userconfig` WRITE;
/*!40000 ALTER TABLE `pma__userconfig` DISABLE KEYS */;
INSERT INTO `pma__userconfig` VALUES ('_pma_4224017258','2022-01-28 12:07:41','{\"Console\\/Mode\":\"collapse\",\"lang\":\"ru\"}');
/*!40000 ALTER TABLE `pma__userconfig` ENABLE KEYS */;
UNLOCK TABLES;
DROP TABLE IF EXISTS `pma__usergroups`;
/*!40101 SET @saved_cs_client     = @@character_set_client */;
/*!40101 SET character_set_client = utf8 */;
CREATE TABLE `pma__usergroups` (
  `usergroup` varchar(64) COLLATE utf8_bin NOT NULL,
  `tab` varchar(64) COLLATE utf8_bin NOT NULL,
  `allowed` enum('Y','N') COLLATE utf8_bin NOT NULL DEFAULT 'N',
  PRIMARY KEY (`usergroup`,`tab`,`allowed`)
) ENGINE=InnoDB DEFAULT CHARSET=utf8 COLLATE=utf8_bin COMMENT='User groups with configured menu items';
/*!40101 SET character_set_client = @saved_cs_client */;

LOCK TABLES `pma__usergroups` WRITE;
/*!40000 ALTER TABLE `pma__usergroups` DISABLE KEYS */;
/*!40000 ALTER TABLE `pma__usergroups` ENABLE KEYS */;
UNLOCK TABLES;
DROP TABLE IF EXISTS `pma__users`;
/*!40101 SET @saved_cs_client     = @@character_set_client */;
/*!40101 SET character_set_client = utf8 */;
CREATE TABLE `pma__users` (
  `username` varchar(64) COLLATE utf8_bin NOT NULL,
  `usergroup` varchar(64) COLLATE utf8_bin NOT NULL,
  PRIMARY KEY (`username`,`usergroup`)
) ENGINE=InnoDB DEFAULT CHARSET=utf8 COLLATE=utf8_bin COMMENT='Users and their assignments to user groups';
/*!40101 SET character_set_client = @saved_cs_client */;

LOCK TABLES `pma__users` WRITE;
/*!40000 ALTER TABLE `pma__users` DISABLE KEYS */;
/*!40000 ALTER TABLE `pma__users` ENABLE KEYS */;
UNLOCK TABLES;
DROP TABLE IF EXISTS `users`;
/*!40101 SET @saved_cs_client     = @@character_set_client */;
/*!40101 SET character_set_client = utf8 */;
CREATE TABLE `users` (
  `id` bigint(20) unsigned NOT NULL AUTO_INCREMENT,
  `name` varchar(191) COLLATE utf8mb4_unicode_ci NOT NULL,
  `email` varchar(191) COLLATE utf8mb4_unicode_ci NOT NULL,
  `email_verified_at` timestamp NULL DEFAULT NULL,
  `password` varchar(191) COLLATE utf8mb4_unicode_ci NOT NULL,
  `remember_token` varchar(100) COLLATE utf8mb4_unicode_ci DEFAULT NULL,
  `created_at` timestamp NULL DEFAULT NULL,
  `updated_at` timestamp NULL DEFAULT NULL,
  PRIMARY KEY (`id`),
  UNIQUE KEY `users_email_unique` (`email`)
) ENGINE=InnoDB AUTO_INCREMENT=4 DEFAULT CHARSET=utf8mb4 COLLATE=utf8mb4_unicode_ci;
/*!40101 SET character_set_client = @saved_cs_client */;

LOCK TABLES `users` WRITE;
/*!40000 ALTER TABLE `users` DISABLE KEYS */;
INSERT INTO `users` VALUES (1,'Olga','khomenko@list.ru',NULL,'$2y$10$ypWF7xzW2NLpqwFM96NH2.awkftBOT3Kxs3.r5eaCWyzf8xOdTini','eOex2cWD4WciFZSqz1KhWyFl1YbuNIf7XxRiUeJlGulr4BMMA9OALpSEn8oy',NULL,NULL),(2,'Alex','shushiks@gmail.com',NULL,'$2y$10$H/8s.jVUwMBuaOkbNatw9eR8tDWUxkWeTTkD0LEMqFG9bCNdjiYry',NULL,'2021-12-30 03:42:32','2021-12-30 03:42:32'),(3,'Test','test@test.test',NULL,'$2y$10$WQBDR/9G2.RMrrETRhr4Nul5VYDWTqJjbFEBG3P79SFwKIxQ3KmXS',NULL,'2021-12-30 08:30:59','2021-12-30 08:30:59');
/*!40000 ALTER TABLE `users` ENABLE KEYS */;
UNLOCK TABLES;
DROP TABLE IF EXISTS `wallets`;
/*!40101 SET @saved_cs_client     = @@character_set_client */;
/*!40101 SET character_set_client = utf8 */;
CREATE TABLE `wallets` (
  `id` bigint(20) unsigned NOT NULL AUTO_INCREMENT,
  `name` varchar(191) COLLATE utf8mb4_unicode_ci NOT NULL,
  `description` varchar(191) COLLATE utf8mb4_unicode_ci NOT NULL,
  `created_at` timestamp NULL DEFAULT NULL,
  `updated_at` timestamp NULL DEFAULT NULL,
  PRIMARY KEY (`id`)
) ENGINE=InnoDB AUTO_INCREMENT=4 DEFAULT CHARSET=utf8mb4 COLLATE=utf8mb4_unicode_ci;
/*!40101 SET character_set_client = @saved_cs_client */;

LOCK TABLES `wallets` WRITE;
/*!40000 ALTER TABLE `wallets` DISABLE KEYS */;
INSERT INTO `wallets` VALUES (1,'VISA','Банковская карта, руб',NULL,NULL),(2,'CASH','Наличные, руб',NULL,NULL);
/*!40000 ALTER TABLE `wallets` ENABLE KEYS */;
UNLOCK TABLES;
/*!40103 SET TIME_ZONE=@OLD_TIME_ZONE */;

/*!40101 SET SQL_MODE=@OLD_SQL_MODE */;
/*!40014 SET FOREIGN_KEY_CHECKS=@OLD_FOREIGN_KEY_CHECKS */;
/*!40014 SET UNIQUE_CHECKS=@OLD_UNIQUE_CHECKS */;
/*!40101 SET CHARACTER_SET_CLIENT=@OLD_CHARACTER_SET_CLIENT */;
/*!40101 SET CHARACTER_SET_RESULTS=@OLD_CHARACTER_SET_RESULTS */;
/*!40101 SET COLLATION_CONNECTION=@OLD_COLLATION_CONNECTION */;
/*!40111 SET SQL_NOTES=@OLD_SQL_NOTES */;

